{
    "train": 0.013963642285133962,
    "test": 0.02641734077097475
}