{
    "train": 0.0134627710662224,
    "test": 0.026981937086760242
}